district_id,district_name,year,month,drought_next_actual,drought_risk_prob,drought_alert
amboasary_atsimo,Amboasary-Atsimo,2023,1,1,0.31628676850604603,1
amboasary_atsimo,Amboasary-Atsimo,2023,2,0,0.2460135698418361,1
amboasary_atsimo,Amboasary-Atsimo,2023,3,0,0.10534567681868934,0
amboasary_atsimo,Amboasary-Atsimo,2023,4,0,0.10450169329900824,0
amboasary_atsimo,Amboasary-Atsimo,2023,5,0,0.056437241678816176,0
amboasary_atsimo,Amboasary-Atsimo,2023,6,0,0.3998128515175723,1
amboasary_atsimo,Amboasary-Atsimo,2023,7,0,0.0950167954857793,0
amboasary_atsimo,Amboasary-Atsimo,2023,8,1,0.2358195442956873,1
amboasary_atsimo,Amboasary-Atsimo,2023,9,0,0.4209662014734359,1
amboasary_atsimo,Amboasary-Atsimo,2023,10,0,0.25984660255429365,1
amboasary_atsimo,Amboasary-Atsimo,2023,11,0,0.3003987884734921,1
amboasary_atsimo,Amboasary-Atsimo,2023,12,1,0.39195908261128415,1
amboasary_atsimo,Amboasary-Atsimo,2024,1,0,0.3996907346292348,1
amboasary_atsimo,Amboasary-Atsimo,2024,2,0,0.5258127692125326,1
amboasary_atsimo,Amboasary-Atsimo,2024,3,1,0.056416373595020546,0
amboasary_atsimo,Amboasary-Atsimo,2024,4,1,0.12296459566712334,0
amboasary_atsimo,Amboasary-Atsimo,2024,5,1,0.11500864339457036,0
amboasary_atsimo,Amboasary-Atsimo,2024,6,0,0.31800910637322527,1
amboasary_atsimo,Amboasary-Atsimo,2024,7,0,0.09286535544350598,0
amboasary_atsimo,Amboasary-Atsimo,2024,8,0,0.331849777303058,1
amboasary_atsimo,Amboasary-Atsimo,2024,9,0,0.4417576985001512,1
amboasary_atsimo,Amboasary-Atsimo,2024,10,0,0.3897678722311058,1
amboasary_atsimo,Amboasary-Atsimo,2024,11,1,0.42261887411390675,1
amboasary_atsimo,Amboasary-Atsimo,2024,12,1,0.6569305412720782,1
amboasary_atsimo,Amboasary-Atsimo,2025,1,0,0.7325216748247939,1
amboasary_atsimo,Amboasary-Atsimo,2025,2,0,0.371699801462605,1
amboasary_atsimo,Amboasary-Atsimo,2025,3,0,0.12690197402771503,0
amboasary_atsimo,Amboasary-Atsimo,2025,4,0,0.1524587296290163,0
amboasary_atsimo,Amboasary-Atsimo,2025,5,0,0.12943149860609007,0
amboasary_atsimo,Amboasary-Atsimo,2025,6,0,0.40563194292406035,1
amboasary_atsimo,Amboasary-Atsimo,2025,7,0,0.11212083057906279,0
amboasary_atsimo,Amboasary-Atsimo,2025,8,1,0.14133374196479156,0
amboasary_atsimo,Amboasary-Atsimo,2025,9,0,0.35118068281539344,1
amboasary_atsimo,Amboasary-Atsimo,2025,10,0,0.24996455529366632,1
ambovombe_androy,Ambovombe-Androy,2023,1,1,0.29412975564098237,1
ambovombe_androy,Ambovombe-Androy,2023,2,0,0.3432275988273757,1
ambovombe_androy,Ambovombe-Androy,2023,3,0,0.19523396314071242,0
ambovombe_androy,Ambovombe-Androy,2023,4,0,0.16468251286460103,0
ambovombe_androy,Ambovombe-Androy,2023,5,0,0.03330153705547024,0
ambovombe_androy,Ambovombe-Androy,2023,6,0,0.10045662211800888,0
ambovombe_androy,Ambovombe-Androy,2023,7,0,0.017107312146983744,0
ambovombe_androy,Ambovombe-Androy,2023,8,1,0.10921497098674005,0
ambovombe_androy,Ambovombe-Androy,2023,9,0,0.34677530365083437,1
ambovombe_androy,Ambovombe-Androy,2023,10,0,0.19298637390126616,0
ambovombe_androy,Ambovombe-Androy,2023,11,1,0.27665366465432367,1
ambovombe_androy,Ambovombe-Androy,2023,12,1,0.6134818593329786,1
ambovombe_androy,Ambovombe-Androy,2024,1,0,0.48490574307396805,1
ambovombe_androy,Ambovombe-Androy,2024,2,0,0.6248419922003479,1
ambovombe_androy,Ambovombe-Androy,2024,3,0,0.20940007814318873,1
ambovombe_androy,Ambovombe-Androy,2024,4,1,0.17305568732204088,0
ambovombe_androy,Ambovombe-Androy,2024,5,1,0.4142805724631079,1
ambovombe_androy,Ambovombe-Androy,2024,6,0,0.2768372792078451,1
ambovombe_androy,Ambovombe-Androy,2024,7,0,0.1261785178592762,0
ambovombe_androy,Ambovombe-Androy,2024,8,0,0.20567653698873017,1
ambovombe_androy,Ambovombe-Androy,2024,9,0,0.3379265771647926,1
ambovombe_androy,Ambovombe-Androy,2024,10,0,0.31822897475866835,1
ambovombe_androy,Ambovombe-Androy,2024,11,1,0.41741175944263476,1
ambovombe_androy,Ambovombe-Androy,2024,12,1,0.7155885633743693,1
ambovombe_androy,Ambovombe-Androy,2025,1,0,0.7881134592428695,1
ambovombe_androy,Ambovombe-Androy,2025,2,0,0.46682858322287446,1
ambovombe_androy,Ambovombe-Androy,2025,3,0,0.14734486679662118,0
ambovombe_androy,Ambovombe-Androy,2025,4,0,0.08701518547882069,0
ambovombe_androy,Ambovombe-Androy,2025,5,0,0.05311874455258196,0
ambovombe_androy,Ambovombe-Androy,2025,6,0,0.0981389528570388,0
ambovombe_androy,Ambovombe-Androy,2025,7,0,0.08390811374244016,0
ambovombe_androy,Ambovombe-Androy,2025,8,1,0.053822571483498186,0
ambovombe_androy,Ambovombe-Androy,2025,9,0,0.1667164214144839,0
ambovombe_androy,Ambovombe-Androy,2025,10,0,0.19985689330222178,0
ampanihy_ouest,Ampanihy Ouest,2023,1,0,0.19382567436828793,0
ampanihy_ouest,Ampanihy Ouest,2023,2,0,0.29711823479761296,1
ampanihy_ouest,Ampanihy Ouest,2023,3,0,0.13657932878435075,0
ampanihy_ouest,Ampanihy Ouest,2023,4,0,0.05102654320233164,0
ampanihy_ouest,Ampanihy Ouest,2023,5,0,0.010438515232421524,0
ampanihy_ouest,Ampanihy Ouest,2023,6,0,0.012023157914271094,0
ampanihy_ouest,Ampanihy Ouest,2023,7,0,0.010572951085867742,0
ampanihy_ouest,Ampanihy Ouest,2023,8,0,0.028316736036028994,0
ampanihy_ouest,Ampanihy Ouest,2023,9,0,0.25042674697223777,1
ampanihy_ouest,Ampanihy Ouest,2023,10,0,0.17044432924971578,0
ampanihy_ouest,Ampanihy Ouest,2023,11,1,0.22569022023542895,1
ampanihy_ouest,Ampanihy Ouest,2023,12,1,0.47178976625905034,1
ampanihy_ouest,Ampanihy Ouest,2024,1,0,0.6851992733471569,1
ampanihy_ouest,Ampanihy Ouest,2024,2,0,0.48881507102720445,1
ampanihy_ouest,Ampanihy Ouest,2024,3,0,0.2574705672566657,1
ampanihy_ouest,Ampanihy Ouest,2024,4,0,0.09576601565803246,0
ampanihy_ouest,Ampanihy Ouest,2024,5,0,0.08252037158465908,0
ampanihy_ouest,Ampanihy Ouest,2024,6,0,0.010942471742704398,0
ampanihy_ouest,Ampanihy Ouest,2024,7,0,0.04597675591805349,0
ampanihy_ouest,Ampanihy Ouest,2024,8,0,0.10888460776833263,0
ampanihy_ouest,Ampanihy Ouest,2024,9,0,0.2541857868895216,1
ampanihy_ouest,Ampanihy Ouest,2024,10,1,0.33816113982421026,1
ampanihy_ouest,Ampanihy Ouest,2024,11,1,0.3346611486095173,1
ampanihy_ouest,Ampanihy Ouest,2024,12,0,0.5310287771462159,1
ampanihy_ouest,Ampanihy Ouest,2025,1,0,0.5043973714773644,1
ampanihy_ouest,Ampanihy Ouest,2025,2,0,0.24397391646394836,1
ampanihy_ouest,Ampanihy Ouest,2025,3,0,0.14140826452050784,0
ampanihy_ouest,Ampanihy Ouest,2025,4,0,0.05205535653696387,0
ampanihy_ouest,Ampanihy Ouest,2025,5,0,0.04313506789368126,0
ampanihy_ouest,Ampanihy Ouest,2025,6,0,0.03560984073006021,0
ampanihy_ouest,Ampanihy Ouest,2025,7,0,0.06130789996459798,0
ampanihy_ouest,Ampanihy Ouest,2025,8,0,0.07750473538365808,0
ampanihy_ouest,Ampanihy Ouest,2025,9,1,0.11602428577397926,0
ampanihy_ouest,Ampanihy Ouest,2025,10,0,0.20726800220198896,1
ankazoabo,Ankazoabo,2023,1,0,0.4235768727685787,1
ankazoabo,Ankazoabo,2023,2,0,0.1977471644305035,0
ankazoabo,Ankazoabo,2023,3,0,0.08391721949020883,0
ankazoabo,Ankazoabo,2023,4,0,0.03806991695479648,0
ankazoabo,Ankazoabo,2023,5,0,0.013557366533441275,0
ankazoabo,Ankazoabo,2023,6,0,0.012023157914271094,0
ankazoabo,Ankazoabo,2023,7,0,0.0020577932250035796,0
ankazoabo,Ankazoabo,2023,8,0,0.02129114674278485,0
ankazoabo,Ankazoabo,2023,9,1,0.20403448791530465,1
ankazoabo,Ankazoabo,2023,10,1,0.2573737057838699,1
ankazoabo,Ankazoabo,2023,11,1,0.3995805871163202,1
ankazoabo,Ankazoabo,2023,12,0,0.48123446410789533,1
ankazoabo,Ankazoabo,2024,1,0,0.3704312386302513,1
ankazoabo,Ankazoabo,2024,2,0,0.3553923217957655,1
ankazoabo,Ankazoabo,2024,3,0,0.08306174644214855,0
ankazoabo,Ankazoabo,2024,4,0,0.034840619853482635,0
ankazoabo,Ankazoabo,2024,5,0,0.013557366533441275,0
ankazoabo,Ankazoabo,2024,6,0,0.00868982458093776,0
ankazoabo,Ankazoabo,2024,7,0,0.002136434010846354,0
ankazoabo,Ankazoabo,2024,8,0,0.024999999872848573,0
ankazoabo,Ankazoabo,2024,9,0,0.18798713358625163,0
ankazoabo,Ankazoabo,2024,10,0,0.1770965379448644,0
ankazoabo,Ankazoabo,2024,11,1,0.14940877968546648,0
ankazoabo,Ankazoabo,2024,12,0,0.39897088950314513,1
ankazoabo,Ankazoabo,2025,1,0,0.45380015175000277,1
ankazoabo,Ankazoabo,2025,2,1,0.2976666725743938,1
ankazoabo,Ankazoabo,2025,3,0,0.13849855762984326,0
ankazoabo,Ankazoabo,2025,4,0,0.08793050105803182,0
ankazoabo,Ankazoabo,2025,5,0,0.03835118852730492,0
ankazoabo,Ankazoabo,2025,6,0,0.021980143352959614,0
ankazoabo,Ankazoabo,2025,7,0,0.03044976428321777,0
ankazoabo,Ankazoabo,2025,8,0,0.0473701610655953,0
ankazoabo,Ankazoabo,2025,9,1,0.19448214187441526,0
ankazoabo,Ankazoabo,2025,10,0,0.20290200335430017,1
bekily,Bekily,2023,1,0,0.280175385891989,1
bekily,Bekily,2023,2,0,0.35194818470716493,1
bekily,Bekily,2023,3,0,0.21705999352727587,1
bekily,Bekily,2023,4,0,0.11830317477811095,0
bekily,Bekily,2023,5,0,0.011988127015749245,0
bekily,Bekily,2023,6,0,0.004692273958744634,0
bekily,Bekily,2023,7,0,0.02696574200095201,0
bekily,Bekily,2023,8,0,0.07695836077528526,0
bekily,Bekily,2023,9,0,0.39383297156018787,1
bekily,Bekily,2023,10,0,0.1620642646948259,0
bekily,Bekily,2023,11,1,0.42490670369052075,1
bekily,Bekily,2023,12,1,0.44044939121607274,1
bekily,Bekily,2024,1,0,0.36203649688885636,1
bekily,Bekily,2024,2,0,0.5407219392016696,1
bekily,Bekily,2024,3,0,0.12364621330984724,0
bekily,Bekily,2024,4,0,0.07276052615186883,0
bekily,Bekily,2024,5,0,0.050432669349891546,0
bekily,Bekily,2024,6,0,0.04321211940191648,0
bekily,Bekily,2024,7,0,0.09324937210050219,0
bekily,Bekily,2024,8,0,0.0550274164262106,0
bekily,Bekily,2024,9,0,0.23746767157239096,1
bekily,Bekily,2024,10,0,0.2529096255181225,1
bekily,Bekily,2024,11,1,0.17976130144995403,0
bekily,Bekily,2024,12,0,0.5755579633606052,1
bekily,Bekily,2025,1,0,0.6469065962681168,1
bekily,Bekily,2025,2,0,0.21671816389782142,1
bekily,Bekily,2025,3,0,0.10986505389520175,0
bekily,Bekily,2025,4,0,0.17166785623498707,0
bekily,Bekily,2025,5,0,0.04388722221402132,0
bekily,Bekily,2025,6,0,0.033188698632839124,0
bekily,Bekily,2025,7,0,0.0524141518365596,0
bekily,Bekily,2025,8,0,0.07862934988027948,0
bekily,Bekily,2025,9,0,0.3131855404350114,1
bekily,Bekily,2025,10,0,0.22230390604591288,1
beloha,Beloha,2023,1,1,0.2048872164185374,1
beloha,Beloha,2023,2,0,0.2535361216332912,1
beloha,Beloha,2023,3,0,0.15880472174123264,0
beloha,Beloha,2023,4,0,0.051255894443245895,0
beloha,Beloha,2023,5,0,0.014070028773731086,0
beloha,Beloha,2023,6,0,0.03468551754357344,0
beloha,Beloha,2023,7,0,0.03981726603189306,0
beloha,Beloha,2023,8,0,0.05767733320136025,0
beloha,Beloha,2023,9,0,0.25311560331921557,1
beloha,Beloha,2023,10,0,0.19961938817616393,0
beloha,Beloha,2023,11,1,0.13222320934603268,0
beloha,Beloha,2023,12,1,0.4223912156882814,1
beloha,Beloha,2024,1,0,0.4923953877818545,1
beloha,Beloha,2024,2,0,0.53303878472457,1
beloha,Beloha,2024,3,0,0.21434892628234992,1
beloha,Beloha,2024,4,0,0.12051204736523692,0
beloha,Beloha,2024,5,0,0.03152934725604305,0
beloha,Beloha,2024,6,0,0.01851302412208145,0
beloha,Beloha,2024,7,0,0.08271535598488096,0
beloha,Beloha,2024,8,0,0.05143671357702207,0
beloha,Beloha,2024,9,0,0.26581016980452415,1
beloha,Beloha,2024,10,1,0.2897427909228835,1
beloha,Beloha,2024,11,1,0.37710150563040984,1
beloha,Beloha,2024,12,0,0.5460063353614406,1
beloha,Beloha,2025,1,0,0.6073147519877096,1
beloha,Beloha,2025,2,0,0.37642551923297274,1
beloha,Beloha,2025,3,0,0.17186166250023172,0
beloha,Beloha,2025,4,0,0.04655245813647679,0
beloha,Beloha,2025,5,0,0.03336768097711698,0
beloha,Beloha,2025,6,0,0.044037076143780336,0
beloha,Beloha,2025,7,0,0.1039997886007489,0
beloha,Beloha,2025,8,0,0.08087011522908395,0
beloha,Beloha,2025,9,0,0.10280975217700064,0
beloha,Beloha,2025,10,0,0.202703653052309,1
benenitra,Benenitra,2023,1,0,0.4256241084539467,1
benenitra,Benenitra,2023,2,0,0.40557019649531223,1
benenitra,Benenitra,2023,3,0,0.1997497311568496,0
benenitra,Benenitra,2023,4,0,0.161734359175971,0
benenitra,Benenitra,2023,5,0,0.043158561052735016,0
benenitra,Benenitra,2023,6,0,0.02572890303279633,0
benenitra,Benenitra,2023,7,0,0.03136310716920883,0
benenitra,Benenitra,2023,8,0,0.13266536018830505,0
benenitra,Benenitra,2023,9,1,0.25667686502384796,1
benenitra,Benenitra,2023,10,1,0.25766602824559165,1
benenitra,Benenitra,2023,11,1,0.49887506719914115,1
benenitra,Benenitra,2023,12,0,0.5226286290791625,1
benenitra,Benenitra,2024,1,0,0.48273040651738247,1
benenitra,Benenitra,2024,2,0,0.5248791860744567,1
benenitra,Benenitra,2024,3,0,0.1844143963839665,0
benenitra,Benenitra,2024,4,1,0.060037507972389006,0
benenitra,Benenitra,2024,5,0,0.05018946684658753,0
benenitra,Benenitra,2024,6,0,0.01572890303279633,0
benenitra,Benenitra,2024,7,0,0.027091323261810168,0
benenitra,Benenitra,2024,8,0,0.09161489061451573,0
benenitra,Benenitra,2024,9,0,0.18913337180408804,0
benenitra,Benenitra,2024,10,0,0.20466214704190386,1
benenitra,Benenitra,2024,11,1,0.2158341135580523,1
benenitra,Benenitra,2024,12,0,0.40531505329742873,1
benenitra,Benenitra,2025,1,0,0.6000219633466175,1
benenitra,Benenitra,2025,2,0,0.2913834127618174,1
benenitra,Benenitra,2025,3,0,0.12511558179379292,0
benenitra,Benenitra,2025,4,0,0.06322239230886967,0
benenitra,Benenitra,2025,5,0,0.03234089627510612,0
benenitra,Benenitra,2025,6,0,0.012400661418046131,0
benenitra,Benenitra,2025,7,0,0.06249176849393085,0
benenitra,Benenitra,2025,8,0,0.08987483646685569,0
benenitra,Benenitra,2025,9,1,0.2651915623963645,1
benenitra,Benenitra,2025,10,0,0.25091943697219826,1
beroroha,Beroroha,2023,1,1,0.44164735123043625,1
beroroha,Beroroha,2023,2,0,0.19031301441327073,0
beroroha,Beroroha,2023,3,0,0.13547469885213054,0
beroroha,Beroroha,2023,4,0,0.06783094403028121,0
beroroha,Beroroha,2023,5,0,0.055130760164494606,0
beroroha,Beroroha,2023,6,0,0.0320231579142711,0
beroroha,Beroroha,2023,7,0,0.0024462315633248435,0
beroroha,Beroroha,2023,8,0,0.01465372629424944,0
beroroha,Beroroha,2023,9,0,0.18261362829030253,0
beroroha,Beroroha,2023,10,1,0.14256967837019324,0
beroroha,Beroroha,2023,11,1,0.3712759607726413,1
beroroha,Beroroha,2023,12,0,0.5932391570069078,1
beroroha,Beroroha,2024,1,0,0.573020256659118,1
beroroha,Beroroha,2024,2,0,0.24519673700586045,1
beroroha,Beroroha,2024,3,0,0.08790161813887014,0
beroroha,Beroroha,2024,4,0,0.0634754845219876,0
beroroha,Beroroha,2024,5,0,0.057708485479624136,0
beroroha,Beroroha,2024,6,0,0.03868982458093777,0
beroroha,Beroroha,2024,7,0,0.00880310067751302,0
beroroha,Beroroha,2024,8,0,0.03270304592913457,0
beroroha,Beroroha,2024,9,0,0.15943708274508614,0
beroroha,Beroroha,2024,10,0,0.20958368629574656,1
beroroha,Beroroha,2024,11,1,0.18770327945605322,0
beroroha,Beroroha,2024,12,0,0.39429005263442024,1
beroroha,Beroroha,2025,1,0,0.3908987580859881,1
beroroha,Beroroha,2025,2,1,0.25333333333333335,1
beroroha,Beroroha,2025,3,0,0.11896197488567063,0
beroroha,Beroroha,2025,4,0,0.05874636341670743,0
beroroha,Beroroha,2025,5,0,0.03873763977137421,0
beroroha,Beroroha,2025,6,0,0.009067328084712797,0
beroroha,Beroroha,2025,7,0,0.035779564896658185,0
beroroha,Beroroha,2025,8,0,0.04399125758698325,0
beroroha,Beroroha,2025,9,0,0.15625382771683488,0
beroroha,Beroroha,2025,10,0,0.22370080560286748,1
betioky_atsimo,Betioky Atsimo,2023,1,0,0.24081922083210083,1
betioky_atsimo,Betioky Atsimo,2023,2,0,0.2700190067726913,1
betioky_atsimo,Betioky Atsimo,2023,3,0,0.07642993259671167,0
betioky_atsimo,Betioky Atsimo,2023,4,0,0.0452378996692086,0
betioky_atsimo,Betioky Atsimo,2023,5,0,0.010224033200107943,0
betioky_atsimo,Betioky Atsimo,2023,6,0,0.02202315791427109,0
betioky_atsimo,Betioky Atsimo,2023,7,0,0.012446231563324844,0
betioky_atsimo,Betioky Atsimo,2023,8,0,0.02130439931756237,0
betioky_atsimo,Betioky Atsimo,2023,9,0,0.3627226182690272,1
betioky_atsimo,Betioky Atsimo,2023,10,1,0.291435228754358,1
betioky_atsimo,Betioky Atsimo,2023,11,1,0.6039604524051866,1
betioky_atsimo,Betioky Atsimo,2023,12,1,0.7819933622181293,1
betioky_atsimo,Betioky Atsimo,2024,1,0,0.6784310654368018,1
betioky_atsimo,Betioky Atsimo,2024,2,0,0.4584479311546775,1
betioky_atsimo,Betioky Atsimo,2024,3,0,0.10978265148169773,0
betioky_atsimo,Betioky Atsimo,2024,4,0,0.02431320824535379,0
betioky_atsimo,Betioky Atsimo,2024,5,0,0.029401766825103457,0
betioky_atsimo,Betioky Atsimo,2024,6,0,0.013383127203958237,0
betioky_atsimo,Betioky Atsimo,2024,7,0,0.017971548006673672,0
betioky_atsimo,Betioky Atsimo,2024,8,0,0.07133100874638976,0
betioky_atsimo,Betioky Atsimo,2024,9,0,0.3086398855288959,1
betioky_atsimo,Betioky Atsimo,2024,10,0,0.39809014709975554,1
betioky_atsimo,Betioky Atsimo,2024,11,1,0.2299360913308387,1
betioky_atsimo,Betioky Atsimo,2024,12,0,0.5747468623152736,1
betioky_atsimo,Betioky Atsimo,2025,1,0,0.5841437992770478,1
betioky_atsimo,Betioky Atsimo,2025,2,0,0.28698151134406635,1
betioky_atsimo,Betioky Atsimo,2025,3,0,0.11064831787370487,0
betioky_atsimo,Betioky Atsimo,2025,4,0,0.028389747160976413,0
betioky_atsimo,Betioky Atsimo,2025,5,0,0.025080076223934558,0
betioky_atsimo,Betioky Atsimo,2025,6,0,0.015733994751379463,0
betioky_atsimo,Betioky Atsimo,2025,7,0,0.04090488444436406,0
betioky_atsimo,Betioky Atsimo,2025,8,0,0.05400474800549671,0
betioky_atsimo,Betioky Atsimo,2025,9,1,0.19028362702018428,0
betioky_atsimo,Betioky Atsimo,2025,10,0,0.31796371378453453,1
betroka,Betroka,2023,1,0,0.42037228459723847,1
betroka,Betroka,2023,2,0,0.3068142557754789,1
betroka,Betroka,2023,3,0,0.19969003858956239,0
betroka,Betroka,2023,4,0,0.13036092947246392,0
betroka,Betroka,2023,5,0,0.0703834158486162,0
betroka,Betroka,2023,6,0,0.020554993590586747,0
betroka,Betroka,2023,7,0,0.03590374261310696,0
betroka,Betroka,2023,8,0,0.09011809340835934,0
betroka,Betroka,2023,9,0,0.2893557528477661,1
betroka,Betroka,2023,10,1,0.23394111692895236,1
betroka,Betroka,2023,11,1,0.3370646075583322,1
betroka,Betroka,2023,12,0,0.58281294688071,1
betroka,Betroka,2024,1,0,0.3592593459558313,1
betroka,Betroka,2024,2,0,0.29712039549265196,1
betroka,Betroka,2024,3,0,0.11503081460060895,0
betroka,Betroka,2024,4,0,0.02744092781752648,0
betroka,Betroka,2024,5,0,0.05412374434497353,0
betroka,Betroka,2024,6,0,0.019310211241153234,0
betroka,Betroka,2024,7,0,0.0392370759464403,0
betroka,Betroka,2024,8,0,0.08811601924474902,0
betroka,Betroka,2024,9,1,0.24533005815976602,1
betroka,Betroka,2024,10,0,0.2697873776503104,1
betroka,Betroka,2024,11,1,0.22253402250011212,1
betroka,Betroka,2024,12,0,0.46319399749001394,1
betroka,Betroka,2025,1,0,0.5286769379402,1
betroka,Betroka,2025,2,0,0.28866991753033894,1
betroka,Betroka,2025,3,0,0.11712607152883474,0
betroka,Betroka,2025,4,0,0.17743980345602356,0
betroka,Betroka,2025,5,0,0.08627152062334159,0
betroka,Betroka,2025,6,0,0.07870668452463829,0
betroka,Betroka,2025,7,0,0.09186371122433044,0
betroka,Betroka,2025,8,0,0.09742313379357126,0
betroka,Betroka,2025,9,1,0.2817656467753847,1
betroka,Betroka,2025,10,0,0.22105167874923987,1
morombe,Morombe,2023,1,0,0.43733128587083364,1
morombe,Morombe,2023,2,0,0.1618632887380247,0
morombe,Morombe,2023,3,0,0.13280297667813765,0
morombe,Morombe,2023,4,0,0.08773037896476457,0
morombe,Morombe,2023,5,0,0.02344446156291826,0
morombe,Morombe,2023,6,0,0.021602639849184577,0
morombe,Morombe,2023,7,0,0.006727992611563169,0
morombe,Morombe,2023,8,0,0.011225089011098595,0
morombe,Morombe,2023,9,0,0.1191355261454607,0
morombe,Morombe,2023,10,1,0.1115665920244524,0
morombe,Morombe,2023,11,1,0.3230668591767454,1
morombe,Morombe,2023,12,1,0.5102635012677907,1
morombe,Morombe,2024,1,1,0.3540782406016815,1
morombe,Morombe,2024,2,0,0.32456615345206086,1
morombe,Morombe,2024,3,0,0.19197729049065268,0
morombe,Morombe,2024,4,0,0.12028972539657377,0
morombe,Morombe,2024,5,0,0.04011112822958493,0
morombe,Morombe,2024,6,0,0.014935973182517914,0
morombe,Morombe,2024,7,0,0.013394659278229835,0
morombe,Morombe,2024,8,0,0.014027643923628827,0
morombe,Morombe,2024,9,0,0.11902967274043706,0
morombe,Morombe,2024,10,0,0.13350108575471253,0
morombe,Morombe,2024,11,1,0.13984127527265428,0
morombe,Morombe,2024,12,0,0.4404067096426949,1
morombe,Morombe,2025,1,0,0.5035678040636529,1
morombe,Morombe,2025,2,0,0.2514691410238943,1
morombe,Morombe,2025,3,0,0.15557386719816452,0
morombe,Morombe,2025,4,0,0.12300002153813912,0
morombe,Morombe,2025,5,0,0.08092891384243445,0
morombe,Morombe,2025,6,0,0.046131262299142474,0
morombe,Morombe,2025,7,0,0.041980143352959624,0
morombe,Morombe,2025,8,0,0.04065792425364992,0
morombe,Morombe,2025,9,0,0.09784755493451386,0
morombe,Morombe,2025,10,1,0.22187418294872402,1
sakaraha,Sakaraha,2023,1,0,0.3761874875472026,1
sakaraha,Sakaraha,2023,2,0,0.2173403704291837,1
sakaraha,Sakaraha,2023,3,0,0.0982377890423716,0
sakaraha,Sakaraha,2023,4,0,0.06146547131809277,0
sakaraha,Sakaraha,2023,5,0,0.023557366533441274,0
sakaraha,Sakaraha,2023,6,0,0.009067328084712795,0
sakaraha,Sakaraha,2023,7,0,0.0024462315633248435,0
sakaraha,Sakaraha,2023,8,0,0.0370922946063004,0
sakaraha,Sakaraha,2023,9,1,0.24757054436457546,1
sakaraha,Sakaraha,2023,10,1,0.34644269955807994,1
sakaraha,Sakaraha,2023,11,1,0.48068020034254477,1
sakaraha,Sakaraha,2023,12,0,0.554353573452646,1
sakaraha,Sakaraha,2024,1,0,0.41967230370665937,1
sakaraha,Sakaraha,2024,2,0,0.31171114416601964,1
sakaraha,Sakaraha,2024,3,0,0.08972841310881523,0
sakaraha,Sakaraha,2024,4,0,0.034793431931568794,0
sakaraha,Sakaraha,2024,5,0,0.018609965500168787,0
sakaraha,Sakaraha,2024,6,0,0.016252917646296723,0
sakaraha,Sakaraha,2024,7,0,0.02543768761741444,0
sakaraha,Sakaraha,2024,8,0,0.03621435309592446,0
sakaraha,Sakaraha,2024,9,0,0.3453982457201792,1
sakaraha,Sakaraha,2024,10,0,0.20540007694068527,1
sakaraha,Sakaraha,2024,11,1,0.20142645652985863,1
sakaraha,Sakaraha,2024,12,0,0.4281922460519964,1
sakaraha,Sakaraha,2025,1,0,0.4171052565010302,1
sakaraha,Sakaraha,2025,2,0,0.25858358805561354,1
sakaraha,Sakaraha,2025,3,0,0.11147609134989672,0
sakaraha,Sakaraha,2025,4,0,0.06191722447026649,0
sakaraha,Sakaraha,2025,5,0,0.06233557163795956,0
sakaraha,Sakaraha,2025,6,0,0.025733994751379462,0
sakaraha,Sakaraha,2025,7,0,0.05618258041689209,0
sakaraha,Sakaraha,2025,8,0,0.06733808133883004,0
sakaraha,Sakaraha,2025,9,1,0.24507309009811223,1
sakaraha,Sakaraha,2025,10,0,0.2966641535282973,1
taolagnaro,Taolagnaro,2023,1,1,0.37031991127213787,1
taolagnaro,Taolagnaro,2023,2,0,0.2723356067276317,1
taolagnaro,Taolagnaro,2023,3,1,0.2120451935221028,1
taolagnaro,Taolagnaro,2023,4,1,0.28701822942620436,1
taolagnaro,Taolagnaro,2023,5,1,0.2518296520788323,1
taolagnaro,Taolagnaro,2023,6,1,0.31322937335356243,1
taolagnaro,Taolagnaro,2023,7,0,0.24932188993133073,1
taolagnaro,Taolagnaro,2023,8,1,0.25931296820285327,1
taolagnaro,Taolagnaro,2023,9,0,0.4603334148387186,1
taolagnaro,Taolagnaro,2023,10,0,0.3665510503857669,1
taolagnaro,Taolagnaro,2023,11,1,0.5363490693563477,1
taolagnaro,Taolagnaro,2023,12,1,0.535710390540916,1
taolagnaro,Taolagnaro,2024,1,1,0.485211187023909,1
taolagnaro,Taolagnaro,2024,2,0,0.26083602565876557,1
taolagnaro,Taolagnaro,2024,3,1,0.2580302674163704,1
taolagnaro,Taolagnaro,2024,4,1,0.22010745640221616,1
taolagnaro,Taolagnaro,2024,5,0,0.33127474902793924,1
taolagnaro,Taolagnaro,2024,6,0,0.37648902210794755,1
taolagnaro,Taolagnaro,2024,7,0,0.20398260373099963,1
taolagnaro,Taolagnaro,2024,8,0,0.25999229709988053,1
taolagnaro,Taolagnaro,2024,9,0,0.4222883637065878,1
taolagnaro,Taolagnaro,2024,10,0,0.5297708066958375,1
taolagnaro,Taolagnaro,2024,11,1,0.6267293939065887,1
taolagnaro,Taolagnaro,2024,12,1,0.8474441650556575,1
taolagnaro,Taolagnaro,2025,1,1,0.47300182532105933,1
taolagnaro,Taolagnaro,2025,2,0,0.2796585100762752,1
taolagnaro,Taolagnaro,2025,3,0,0.24534339578807296,1
taolagnaro,Taolagnaro,2025,4,0,0.226385566794906,1
taolagnaro,Taolagnaro,2025,5,0,0.2841567942880676,1
taolagnaro,Taolagnaro,2025,6,0,0.3940981763341958,1
taolagnaro,Taolagnaro,2025,7,0,0.24261318265630705,1
taolagnaro,Taolagnaro,2025,8,1,0.16857161535090284,0
taolagnaro,Taolagnaro,2025,9,0,0.3217985055545709,1
taolagnaro,Taolagnaro,2025,10,0,0.29512429145067853,1
tsihombe,Tsihombe,2023,1,1,0.28487127839718257,1
tsihombe,Tsihombe,2023,2,0,0.24761149472807337,1
tsihombe,Tsihombe,2023,3,0,0.15904920206335865,0
tsihombe,Tsihombe,2023,4,0,0.1244763228060562,0
tsihombe,Tsihombe,2023,5,0,0.03085798071159341,0
tsihombe,Tsihombe,2023,6,0,0.09232000901115374,0
tsihombe,Tsihombe,2023,7,0,0.04989703040643755,0
tsihombe,Tsihombe,2023,8,0,0.05017937051958398,0
tsihombe,Tsihombe,2023,9,0,0.26404725949174473,1
tsihombe,Tsihombe,2023,10,0,0.21244168842583444,1
tsihombe,Tsihombe,2023,11,0,0.1266800771779794,0
tsihombe,Tsihombe,2023,12,1,0.2729106589317801,1
tsihombe,Tsihombe,2024,1,0,0.503855464123165,1
tsihombe,Tsihombe,2024,2,0,0.4603047914709934,1
tsihombe,Tsihombe,2024,3,0,0.26386397320806265,1
tsihombe,Tsihombe,2024,4,0,0.13622993064174865,0
tsihombe,Tsihombe,2024,5,0,0.05775787301054976,0
tsihombe,Tsihombe,2024,6,0,0.1300936959028213,0
tsihombe,Tsihombe,2024,7,0,0.04588109934919886,0
tsihombe,Tsihombe,2024,8,0,0.06720866233429049,0
tsihombe,Tsihombe,2024,9,0,0.12173768753659424,0
tsihombe,Tsihombe,2024,10,0,0.22361610871682794,1
tsihombe,Tsihombe,2024,11,1,0.17180316091541772,0
tsihombe,Tsihombe,2024,12,1,0.626946880364437,1
tsihombe,Tsihombe,2025,1,0,0.6369014697095222,1
tsihombe,Tsihombe,2025,2,0,0.4101469611978083,1
tsihombe,Tsihombe,2025,3,0,0.17188453058115416,0
tsihombe,Tsihombe,2025,4,0,0.057392807217825643,0
tsihombe,Tsihombe,2025,5,0,0.07082480100811063,0
tsihombe,Tsihombe,2025,6,0,0.0974528274982053,0
tsihombe,Tsihombe,2025,7,0,0.12511386650022283,0
tsihombe,Tsihombe,2025,8,0,0.09645209676914852,0
tsihombe,Tsihombe,2025,9,0,0.11551311114098281,0
tsihombe,Tsihombe,2025,10,0,0.12471747665210003,0
